iter	Accuracy	Logloss
0	0.8233532934	0.4169411209
1	0.8293413174	0.413543939
2	0.8517964072	0.4074261336
3	0.8592814371	0.4030722378
4	0.8637724551	0.4012319199
5	0.8637724551	0.3948932955
6	0.8682634731	0.3931282992
7	0.874251497	0.3873184683
8	0.872754491	0.3860719542
9	0.871257485	0.3827548694
